Well position	Adapter name	i5_index	i5_index_r	i7_index
A1	xGen UDI-UMI Adapter, Index 1	ATATGCGC	GCGCATAT	CTGATCGTNNNNNNNNN
B1	xGen UDI-UMI Adapter, Index 2	TGGTACAG	CTGTACCA	ACTCTCGANNNNNNNNN
C1	xGen UDI-UMI Adapter, Index 3	AACCGTTC	GAACGGTT	TGAGCTAGNNNNNNNNN
D1	xGen UDI-UMI Adapter, Index 4	TAACCGGT	ACCGGTTA	GAGACGATNNNNNNNNN
E1	xGen UDI-UMI Adapter, Index 5	GAACATCG	CGATGTTC	CTTGTCGANNNNNNNNN
F1	xGen UDI-UMI Adapter, Index 6	CCTTGTAG	CTACAAGG	TTCCAAGGNNNNNNNNN
G1	xGen UDI-UMI Adapter, Index 7	TCAGGCTT	AAGCCTGA	CGCATGATNNNNNNNNN
H1	xGen UDI-UMI Adapter, Index 8	GTTCTCGT	ACGAGAAC	ACGGAACANNNNNNNNN
A2	xGen UDI-UMI Adapter, Index 9	AGAACGAG	CTCGTTCT	CGGCTAATNNNNNNNNN
B2	xGen UDI-UMI Adapter, Index 10	TGCTTCCA	TGGAAGCA	ATCGATCGNNNNNNNNN
C2	xGen UDI-UMI Adapter, Index 11	CTTCGACT	AGTCGAAG	GCAAGATCNNNNNNNNN
D2	xGen UDI-UMI Adapter, Index 12	CACCTGTT	AACAGGTG	GCTATCCTNNNNNNNNN
E2	xGen UDI-UMI Adapter, Index 13	ATCACACG	CGTGTGAT	TACGCTACNNNNNNNNN
F2	xGen UDI-UMI Adapter, Index 14	CCGTAAGA	TCTTACGG	TGGACTCTNNNNNNNNN
G2	xGen UDI-UMI Adapter, Index 15	TACGCCTT	AAGGCGTA	AGAGTAGCNNNNNNNNN
H2	xGen UDI-UMI Adapter, Index 16	CGACGTTA	TAACGTCG	ATCCAGAGNNNNNNNNN
A3	xGen UDI-UMI Adapter, Index 17	ATGCACGA	TCGTGCAT	GACGATCTNNNNNNNNN
B3	xGen UDI-UMI Adapter, Index 18	CCTGATTG	CAATCAGG	AACTGAGCNNNNNNNNN
C3	xGen UDI-UMI Adapter, Index 19	GTAGGAGT	ACTCCTAC	CTTAGGACNNNNNNNNN
D3	xGen UDI-UMI Adapter, Index 20	ACTAGGAG	CTCCTAGT	GTGCCATANNNNNNNNN
E3	xGen UDI-UMI Adapter, Index 21	CACTAGCT	AGCTAGTG	GAATCCGANNNNNNNNN
F3	xGen UDI-UMI Adapter, Index 22	ACGACTTG	CAAGTCGT	TCGCTGTTNNNNNNNNN
G3	xGen UDI-UMI Adapter, Index 23	CGTGTGTA	TACACACG	TTCGTTGGNNNNNNNNN
H3	xGen UDI-UMI Adapter, Index 24	GTTGACCT	AGGTCAAC	AAGCACTGNNNNNNNNN
A4	xGen UDI-UMI Adapter, Index 25	ACTCCATC	GATGGAGT	CCTTGATCNNNNNNNNN
B4	xGen UDI-UMI Adapter, Index 26	CAATGTGG	CCACATTG	GTCGAAGANNNNNNNNN
C4	xGen UDI-UMI Adapter, Index 27	TTGCAGAC	GTCTGCAA	ACCACGATNNNNNNNNN
D4	xGen UDI-UMI Adapter, Index 28	CAGTCCAA	TTGGACTG	GATTACCGNNNNNNNNN
E4	xGen UDI-UMI Adapter, Index 29	ACGTTCAG	CTGAACGT	GCACAACTNNNNNNNNN
F4	xGen UDI-UMI Adapter, Index 30	AACGTCTG	CAGACGTT	GCGTCATTNNNNNNNNN
G4	xGen UDI-UMI Adapter, Index 31	TATCGGTC	GACCGATA	ATCCGGTANNNNNNNNN
H4	xGen UDI-UMI Adapter, Index 32	CGCTCTAT	ATAGAGCG	CGTTGCAANNNNNNNNN
A5	xGen UDI-UMI Adapter, Index 33	GATTGCTC	GAGCAATC	GTGAAGTGNNNNNNNNN
B5	xGen UDI-UMI Adapter, Index 34	GATGTGTG	CACACATC	CATGGCTANNNNNNNNN
C5	xGen UDI-UMI Adapter, Index 35	CGCAATCT	AGATTGCG	ATGCCTGTNNNNNNNNN
D5	xGen UDI-UMI Adapter, Index 36	TGGTAGCT	AGCTACCA	CAACACCTNNNNNNNNN
E5	xGen UDI-UMI Adapter, Index 37	GATAGGCT	AGCCTATC	TGTGACTGNNNNNNNNN
F5	xGen UDI-UMI Adapter, Index 38	AGTGGATC	GATCCACT	GTCATCGANNNNNNNNN
G5	xGen UDI-UMI Adapter, Index 39	TTGGACGT	ACGTCCAA	AGCACTTCNNNNNNNNN
H5	xGen UDI-UMI Adapter, Index 40	ATGACGTC	GACGTCAT	GAAGGAAGNNNNNNNNN
A6	xGen UDI-UMI Adapter, Index 41	GAAGTTGG	CCAACTTC	GTTGTTCGNNNNNNNNN
B6	xGen UDI-UMI Adapter, Index 42	CATACCAC	GTGGTATG	CGGTTGTTNNNNNNNNN
C6	xGen UDI-UMI Adapter, Index 43	CTGTTGAC	GTCAACAG	ACTGAGGTNNNNNNNNN
D6	xGen UDI-UMI Adapter, Index 44	TGGCATGT	ACATGCCA	TGAAGACGNNNNNNNNN
E6	xGen UDI-UMI Adapter, Index 45	ATCGCCAT	ATGGCGAT	GTTACGCANNNNNNNNN
F6	xGen UDI-UMI Adapter, Index 46	TTGCGAAG	CTTCGCAA	AGCGTGTTNNNNNNNNN
G6	xGen UDI-UMI Adapter, Index 47	AGTTCGTC	GACGAACT	GATCGAGTNNNNNNNNN
H6	xGen UDI-UMI Adapter, Index 48	GAGCAGTA	TACTGCTC	ACAGCTCANNNNNNNNN
A7	xGen UDI-UMI Adapter, Index 49	ACAGCTCA	TGAGCTGT	GAGCAGTANNNNNNNNN
B7	xGen UDI-UMI Adapter, Index 50	GATCGAGT	ACTCGATC	AGTTCGTCNNNNNNNNN
C7	xGen UDI-UMI Adapter, Index 51	AGCGTGTT	AACACGCT	TTGCGAAGNNNNNNNNN
D7	xGen UDI-UMI Adapter, Index 52	GTTACGCA	TGCGTAAC	ATCGCCATNNNNNNNNN
E7	xGen UDI-UMI Adapter, Index 53	TGAAGACG	CGTCTTCA	TGGCATGTNNNNNNNNN
F7	xGen UDI-UMI Adapter, Index 54	ACTGAGGT	ACCTCAGT	CTGTTGACNNNNNNNNN
G7	xGen UDI-UMI Adapter, Index 55	CGGTTGTT	AACAACCG	CATACCACNNNNNNNNN
H7	xGen UDI-UMI Adapter, Index 56	GTTGTTCG	CGAACAAC	GAAGTTGGNNNNNNNNN
A8	xGen UDI-UMI Adapter, Index 57	GAAGGAAG	CTTCCTTC	ATGACGTCNNNNNNNNN
B8	xGen UDI-UMI Adapter, Index 58	AGCACTTC	GAAGTGCT	TTGGACGTNNNNNNNNN
C8	xGen UDI-UMI Adapter, Index 59	GTCATCGA	TCGATGAC	AGTGGATCNNNNNNNNN
D8	xGen UDI-UMI Adapter, Index 60	TGTGACTG	CAGTCACA	GATAGGCTNNNNNNNNN
E8	xGen UDI-UMI Adapter, Index 61	CAACACCT	AGGTGTTG	TGGTAGCTNNNNNNNNN
F8	xGen UDI-UMI Adapter, Index 62	ATGCCTGT	ACAGGCAT	CGCAATCTNNNNNNNNN
G8	xGen UDI-UMI Adapter, Index 63	CATGGCTA	TAGCCATG	GATGTGTGNNNNNNNNN
H8	xGen UDI-UMI Adapter, Index 64	GTGAAGTG	CACTTCAC	GATTGCTCNNNNNNNNN
A9	xGen UDI-UMI Adapter, Index 65	CGTTGCAA	TTGCAACG	CGCTCTATNNNNNNNNN
B9	xGen UDI-UMI Adapter, Index 66	ATCCGGTA	TACCGGAT	TATCGGTCNNNNNNNNN
C9	xGen UDI-UMI Adapter, Index 67	GCGTCATT	AATGACGC	AACGTCTGNNNNNNNNN
D9	xGen UDI-UMI Adapter, Index 68	GCACAACT	AGTTGTGC	ACGTTCAGNNNNNNNNN
E9	xGen UDI-UMI Adapter, Index 69	GATTACCG	CGGTAATC	CAGTCCAANNNNNNNNN
F9	xGen UDI-UMI Adapter, Index 70	ACCACGAT	ATCGTGGT	TTGCAGACNNNNNNNNN
G9	xGen UDI-UMI Adapter, Index 71	GTCGAAGA	TCTTCGAC	CAATGTGGNNNNNNNNN
H9	xGen UDI-UMI Adapter, Index 72	CCTTGATC	GATCAAGG	ACTCCATCNNNNNNNNN
A10	xGen UDI-UMI Adapter, Index 73	AAGCACTG	CAGTGCTT	GTTGACCTNNNNNNNNN
B10	xGen UDI-UMI Adapter, Index 74	TTCGTTGG	CCAACGAA	CGTGTGTANNNNNNNNN
C10	xGen UDI-UMI Adapter, Index 75	TCGCTGTT	AACAGCGA	ACGACTTGNNNNNNNNN
D10	xGen UDI-UMI Adapter, Index 76	GAATCCGA	TCGGATTC	CACTAGCTNNNNNNNNN
E10	xGen UDI-UMI Adapter, Index 77	GTGCCATA	TATGGCAC	ACTAGGAGNNNNNNNNN
F10	xGen UDI-UMI Adapter, Index 78	CTTAGGAC	GTCCTAAG	GTAGGAGTNNNNNNNNN
G10	xGen UDI-UMI Adapter, Index 79	AACTGAGC	GCTCAGTT	CCTGATTGNNNNNNNNN
H10	xGen UDI-UMI Adapter, Index 80	GACGATCT	AGATCGTC	ATGCACGANNNNNNNNN
A11	xGen UDI-UMI Adapter, Index 81	ATCCAGAG	CTCTGGAT	CGACGTTANNNNNNNNN
B11	xGen UDI-UMI Adapter, Index 82	AGAGTAGC	GCTACTCT	TACGCCTTNNNNNNNNN
C11	xGen UDI-UMI Adapter, Index 83	TGGACTCT	AGAGTCCA	CCGTAAGANNNNNNNNN
D11	xGen UDI-UMI Adapter, Index 84	TACGCTAC	GTAGCGTA	ATCACACGNNNNNNNNN
E11	xGen UDI-UMI Adapter, Index 85	GCTATCCT	AGGATAGC	CACCTGTTNNNNNNNNN
F11	xGen UDI-UMI Adapter, Index 86	GCAAGATC	GATCTTGC	CTTCGACTNNNNNNNNN
G11	xGen UDI-UMI Adapter, Index 87	ATCGATCG	CGATCGAT	TGCTTCCANNNNNNNNN
H11	xGen UDI-UMI Adapter, Index 88	CGGCTAAT	ATTAGCCG	AGAACGAGNNNNNNNNN
A12	xGen UDI-UMI Adapter, Index 89	ACGGAACA	TGTTCCGT	GTTCTCGTNNNNNNNNN
B12	xGen UDI-UMI Adapter, Index 90	CGCATGAT	ATCATGCG	TCAGGCTTNNNNNNNNN
C12	xGen UDI-UMI Adapter, Index 91	TTCCAAGG	CCTTGGAA	CCTTGTAGNNNNNNNNN
D12	xGen UDI-UMI Adapter, Index 92	CTTGTCGA	TCGACAAG	GAACATCGNNNNNNNNN
E12	xGen UDI-UMI Adapter, Index 93	GAGACGAT	ATCGTCTC	TAACCGGTNNNNNNNNN
F12	xGen UDI-UMI Adapter, Index 94	TGAGCTAG	CTAGCTCA	AACCGTTCNNNNNNNNN
G12	xGen UDI-UMI Adapter, Index 95	ACTCTCGA	TCGAGAGT	TGGTACAGNNNNNNNNN
H12	xGen UDI-UMI Adapter, Index 96	CTGATCGT	ACGATCAG	ATATGCGCNNNNNNNNN
